,date,iso_code,continent,location,total_cases,new_cases,total_deaths,new_deaths,total_cases_per_million,new_cases_per_million,total_deaths_per_million,new_deaths_per_million,total_tests,new_tests,total_tests_per_thousand,new_tests_per_thousand,new_tests_smoothed,new_tests_smoothed_per_thousand,tests_units,stringency_index,population,population_density,median_age,aged_65_older,aged_70_older,gdp_per_capita,extreme_poverty,cvd_death_rate,diabetes_prevalence,female_smokers,male_smokers,handwashing_facilities,hospital_beds_per_thousand,growth_rate,growth_accel,growth_accel_rate,growth_rate_NORM_(%),growth_accel_NORM_(%),growth_accel_rate_NORM_(%),LENTO,EXPONENCIAL,DESACELERACAO,ESTAVEL,LINEAR,CLASSIFICACAO,index
0,2020-06-08,AFG,Asia,Afghanistan,20342.0,791.0,357.0,30.0,522.55,20.319000000000006,9.171,0.7709999999999999,,,,,,,,,38928341.0,54.422,18.6,2.5810000000000004,1.337,1803.987,,597.029,9.59,,,37.746,0.5,424.27611976292746,12.133410963902366,0.09828066384100023,2.0857148744613485,0.05964708958756446,0.0004831415978812321,0,1,0,0,0,EXPONENCIAL,
1,2020-06-08,ALB,Europe,Albania,1246.0,14.0,34.0,0.0,432.97,4.865,11.815,0.0,,,,,,,,,2877800.0,104.871,38.0,13.188,8.642999999999999,11803.431,1.1,304.195,10.08,7.1,51.2,,2.89,14.194210329763992,0.07953279867232385,0.004090567916123251,1.1391822094513635,0.006383049652674466,0.00032829598042722724,0,0,0,0,1,LINEAR,
2,2020-06-08,DZA,Africa,Algeria,10154.0,104.0,707.0,9.0,231.557,2.372,16.123,0.205,,,,,,,,,43851043.0,17.348,29.1,6.211,3.857,13913.839,0.5,278.36400000000003,6.73,0.7,30.4,83.741,1.9,137.5727075834007,-0.3179243611340328,-0.13873437293165586,1.3548621979850377,-0.003131025813807689,-0.00136630266822588,0,0,0,0,1,LINEAR,
3,2020-06-08,AND,Europe,Andorra,852.0,0.0,51.0,0.0,11026.985,0.0,660.066,0.0,,,,,,,,,77265.0,163.755,,,,,,109.135,7.97,29.0,37.8,,,5.8823697013770255,-0.00392490708742486,0.00596736959878569,0.690418979034862,-0.0004606698459418849,0.0007003954928152218,0,0,0,1,0,ESTAVEL,
4,2020-06-08,AGO,Africa,Angola,91.0,5.0,4.0,0.0,2.769,0.152,0.122,0.0,,,,,,,,,32866268.0,23.89,16.8,2.405,1.362,5819.495,,276.045,3.94,,,26.664,,1.4482273473278366,0.011057924645761077,-0.0011945248979974336,1.5914586234371833,0.012151565544792391,-0.0013126647230741028,0,1,0,0,0,EXPONENCIAL,
5,2020-06-08,AIA,North America,Anguilla,3.0,0.0,0.0,0.0,199.973,0.0,0.0,0.0,,,,,,,,,15002.0,,,,,,,,,,,,,0.004063883790629507,-0.00021515323070143497,1.2913958554620442e-05,0.13546279302098355,-0.0071717743567145,0.0004304652851540147,1,0,0,1,0,LENTO,
6,2020-06-08,ATG,North America,Antigua and Barbuda,26.0,0.0,3.0,0.0,265.501,0.0,30.635,0.0,,,,,,,,,97928.0,231.845,32.1,6.933,4.631,21490.943,,191.511,13.17,,,,3.8,0.14129044460715728,-0.0034041978298098396,0.00032609574150194626,0.5434247869506049,-0.013093068576191693,0.0012542143903921008,1,0,1,0,0,LENTO,
7,2020-06-08,ARG,South America,Argentina,22781.0,774.0,664.0,16.0,504.052,17.125,14.692,0.354,,,,,,,,,45195777.0,16.177,31.9,11.198,7.441,18933.907,0.6,191.032,5.5,16.2,27.7,,5.0,456.7046384285376,14.741571750229122,0.3966813083550193,2.004761153718176,0.06470994139953963,0.001741281367609057,0,1,0,0,0,EXPONENCIAL,
8,2020-06-08,ARM,Asia,Armenia,13130.0,766.0,200.0,10.0,4430.97,258.501,67.494,3.375,,,,,,,,,2963234.0,102.931,35.7,11.232,7.5710000000000015,8787.58,1.8,341.01,7.11,1.5,52.1,94.043,4.2,272.42708259872853,9.858123239818372,0.4689517240787199,2.0748444980862795,0.07508090814789317,0.003571604905397715,0,1,0,0,0,EXPONENCIAL,
9,2020-06-08,ABW,North America,Aruba,101.0,0.0,3.0,0.0,945.994,0.0,28.099,0.0,,,,,,,,,106766.0,584.8,41.2,13.085,7.452000000000001,35973.781,,,11.62,,,,,0.4243895969040775,-0.0215696039758691,0.001124006316793947,0.4201877197070074,-0.021356043540464453,0.0011128775413801458,0,0,1,0,0,DESACELERACAO,
10,2020-06-08,AUS,Oceania,Australia,7260.0,5.0,102.0,0.0,284.707,0.196,4.0,0.0,,,,,,,,,25499881.0,3.202,37.9,15.504,10.129,44648.71,0.5,107.791,5.07,13.0,16.5,,3.84,31.482739699626002,-0.952220796398655,0.025556623612717305,0.4336465523364463,-0.01311598893111095,0.00035201960899059647,0,0,1,0,0,DESACELERACAO,
11,2020-06-08,AUT,Europe,Austria,16868.0,46.0,672.0,0.0,1872.89,5.107,74.61399999999998,0.0,,,,,,,,,9006400.0,106.749,44.4,19.202,13.748,45436.686,0.7,145.183,6.35,28.4,30.9,,7.37,82.76372761939156,-2.2383712825768782,0.09719851222338452,0.4906552502928122,-0.013269926977572195,0.0005762302123748193,0,0,1,0,0,DESACELERACAO,
12,2020-06-08,AZE,Asia,Azerbaijan,7553.0,314.0,88.0,4.0,744.932,30.969,8.679,0.395,,,,,,,,,10139175.0,119.309,32.4,6.018,3.871,15847.419,,559.812,7.11,0.3,42.5,83.241,4.7,144.64243851054468,5.0657827687947865,0.2536191325560137,1.9150329473129175,0.06706981025810653,0.0033578595598571922,0,1,0,0,0,EXPONENCIAL,
13,2020-06-08,BHS,North America,Bahamas,103.0,0.0,11.0,0.0,261.921,0.0,27.972,0.0,,,,,,,,,393248.0,39.497,34.3,8.996,5.2,27717.847,,235.954,13.17,3.1,20.4,,2.9,0.7935347877134341,-0.024994191435166773,0.00041015142130836416,0.7704221239936253,-0.024266205276860943,0.0003982052634061788,0,0,1,0,0,DESACELERACAO,
14,2020-06-08,BHR,Asia,Bahrain,14763.0,380.0,26.0,2.0,8676.039,223.321,15.28,1.175,,,,,,,,,1701583.0,1935.907,32.4,2.372,1.3869999999999998,43290.705,,151.689,16.52,5.8,37.6,,2.0,270.7085245943996,6.9567658416815314,0.16561917328193967,1.833695892395852,0.04712298206110906,0.0011218531008733974,0,1,0,0,0,EXPONENCIAL,
15,2020-06-08,BGD,Asia,Bangladesh,65769.0,2743.0,888.0,42.0,399.352,16.656,5.392,0.255,,,,,,,,,164689383.0,1265.036,27.5,5.098,3.262,3523.984000000001,14.8,298.003,8.38,1.0,44.7,34.808,0.8,1405.3663548305378,43.688341181037856,1.074062724281298,2.136821838298496,0.06642695066222362,0.001633083556510359,0,1,0,0,0,EXPONENCIAL,
16,2020-06-08,BRB,North America,Barbados,92.0,0.0,7.0,0.0,320.144,0.0,24.359,0.0,,,,,,,,75.0,287371.0,664.4630000000002,39.8,14.952,9.473,16978.068,,170.05,13.57,1.9,14.5,88.469,5.8,0.5209167559832826,-0.021245191365727997,9.33144946433816e-05,0.5662138651992202,-0.023092599310573902,0.00010142879852541476,0,0,1,0,0,DESACELERACAO,
17,2020-06-08,BLR,Europe,Belarus,48630.0,879.0,269.0,6.0,5146.402,93.023,28.468000000000004,0.635,,,,,,,,,9449321.0,46.858,40.3,14.799,9.788,17167.967,,443.129,5.18,10.5,46.1,,11.0,779.0452433465748,5.233806180542203,-0.35388640960888595,1.6019848721911882,0.01076250499803044,-0.0007277121316242772,0,1,0,0,0,EXPONENCIAL,
18,2020-06-08,BEL,Europe,Belgium,59226.0,154.0,9595.0,15.0,5110.264,13.288,827.8960000000002,1.294,,,,,,,,,11589616.0,375.564,41.8,18.571,12.849,42658.576,0.2,114.898,4.29,25.1,31.4,,5.64,418.82235930843973,-11.104197099758705,0.09037243911867936,0.7071596246723394,-0.0187488554009366,0.00015258913166291726,0,0,1,0,0,DESACELERACAO,
19,2020-06-08,BLZ,North America,Belize,18.0,0.0,2.0,0.0,45.269,0.0,5.03,0.0,,,,,,,,,397621.0,16.426,25.0,3.853,2.279,7824.361999999999,,176.957,17.11,,,90.083,1.3,0.08466665163085392,-0.0043290763279228645,0.00022579490573306792,0.4703702868380774,-0.024050424044015917,0.0012544161429614885,1,0,1,0,0,LENTO,
20,2020-06-08,BEN,Africa,Benin,268.0,0.0,4.0,0.0,22.106,0.0,0.33,0.0,,,,,,,,,12123198.0,99.11,18.8,3.244,1.942,2064.236,49.6,235.848,0.99,0.6,12.3,11.035,0.5,3.4675304148641133,0.0226617507868778,0.006733371311817085,1.2938546324119826,0.008455877159282761,0.0025124519820213013,0,0,0,0,1,LINEAR,
21,2020-06-08,BMU,North America,Bermuda,141.0,0.0,9.0,0.0,2264.224,0.0,144.525,0.0,,,,,,,,,62273.0,1308.82,,,,50669.315,,139.547,13.0,,,,,1.1572665701740872,-0.03579092924580035,-0.0012125625246999238,0.8207564327475795,-0.02538363776297897,-0.0008599734217729956,0,0,1,0,0,DESACELERACAO,
22,2020-06-08,BTN,Asia,Bhutan,59.0,11.0,0.0,0.0,76.46300000000002,14.255999999999998,0.0,0.0,,,,,,,,,771612.0,21.188,28.6,4.885,2.977,8708.597,1.5,217.066,9.75,,,79.807,1.7,1.2952298747659905,0.05654856239073459,0.004353525317997356,2.195304872484729,0.09584502100124506,0.007378856471181958,0,1,0,0,0,EXPONENCIAL,
23,2020-06-08,BOL,South America,Bolivia,13643.0,285.0,465.0,11.0,1168.763,24.415,39.835,0.942,,,,,,,,,11673029.0,10.202,25.4,6.704,4.393,6885.8290000000015,7.1,204.299,6.89,,,25.383000000000006,1.1,296.6151390605691,8.767198490843686,-0.06992236079839806,2.1741196148982556,0.06426151499555588,-0.0005125145554379394,0,1,0,0,0,EXPONENCIAL,
24,2020-06-08,BES,North America,Bonaire Sint Eustatius and Saba,7.0,0.0,0.0,0.0,266.962,0.0,0.0,0.0,,,,,,,,,26221.0,,,,,,,,,,,,,0.049545789270921375,-0.0015709210807573655,-7.414268042552714e-05,0.7077969895845911,-0.022441729725105226,-0.001059181148936102,1,0,1,0,0,LENTO,
25,2020-06-08,BIH,Europe,Bosnia and Herzegovina,2605.0,0.0,158.0,0.0,794.01,0.0,48.159,0.0,,,,,,,,,3280815.0,68.49600000000001,42.5,16.569000000000006,10.711,11713.895,0.2,329.635,10.08,30.2,47.7,97.164,3.5,24.61314602647656,-0.4828450305979228,-0.009940430483521995,0.9448424578301942,-0.0185353178732408,-0.00038159042163232233,0,0,1,0,0,DESACELERACAO,
26,2020-06-08,BWA,Africa,Botswana,40.0,0.0,1.0,0.0,17.01,0.0,0.425,0.0,,,,,,,,,2351625.0,4.044,25.8,3.941,2.242,15807.374,,237.372,4.81,5.7,34.4,,1.8,0.5210507804589078,-0.0027096200236560192,-0.0012509795458778975,1.3026269511472697,-0.006774050059140046,-0.0031274488646947447,1,0,0,0,1,LENTO,
27,2020-06-08,BRA,South America,Brazil,672846.0,27075.0,35930.0,904.0,3165.449,127.376,169.035,4.253,,,,,,,,,212559409.0,25.04,33.5,8.552,5.06,14103.452,3.4,177.96099999999996,8.11,10.1,17.9,,2.2,13545.887560234003,369.2883450594586,2.7695169310603323,2.013222573996725,0.05488452707743802,0.0004116123052021313,0,1,0,0,0,EXPONENCIAL,
28,2020-06-08,VGB,North America,British Virgin Islands,8.0,0.0,1.0,0.0,264.577,0.0,33.072,0.0,,,,,,,,,30237.0,207.973,,,,,,,13.67,,,,,0.0541853332070912,-0.002406320675711836,1.1871697817692614e-05,0.67731666508864,-0.03007900844639795,0.00014839622272115765,1,0,1,0,0,LENTO,
29,2020-06-08,BRN,Asia,Brunei,141.0,0.0,2.0,0.0,322.298,0.0,4.572,0.0,,,,,,,,,437483.0,81.347,32.4,4.591,2.382,71809.25099999999,,201.285,12.79,2.0,30.9,,2.7,0.4000864409573713,-0.019089313218981763,0.0008632778684557651,0.28374924890593706,-0.013538520013462244,0.0006122538074154363,0,0,1,0,0,DESACELERACAO,
30,2020-06-08,BGR,Europe,Bulgaria,2727.0,16.0,160.0,0.0,392.462,2.303,23.027,0.0,,,,,,,,,6948445.0,65.18,44.7,20.801,13.272,18563.307,1.5,424.6880000000001,5.81,30.1,44.4,,7.454,30.940271013848506,-0.17007323904903673,0.025454969455822384,1.1345900628473964,-0.006236642429374285,0.0009334422242692476,0,0,0,0,1,LINEAR,
31,2020-06-08,BFA,Africa,Burkina Faso,889.0,1.0,53.0,0.0,42.529,0.048,2.535,0.0,,,,,,,,,20903278.0,70.15100000000001,17.6,2.4090000000000003,1.358,1703.102,43.7,269.048,2.42,1.6,23.9,11.877,0.4,7.137325906164182,-0.16451039440729215,-0.004753712586257733,0.8028488083424276,-0.0185051062325413,-0.0005347258252258418,0,0,1,0,0,DESACELERACAO,
32,2020-06-08,BDI,Africa,Burundi,83.0,0.0,1.0,0.0,6.98,0.0,0.084,0.0,,,,,,,,,11890781.0,423.062,17.5,2.562,1.504,702.225,71.7,293.068,6.05,,,6.144,0.8,1.8329819352887609,0.0793139186700325,0.0066359176070748364,2.2084119702274223,0.09555893815666566,0.007995081454307029,0,1,0,0,0,EXPONENCIAL,
33,2020-06-08,KHM,Asia,Cambodia,126.0,1.0,0.0,0.0,7.536,0.06,0.0,0.0,,,,,,,,,16718971.0,90.672,25.6,4.412,2.385,3645.07,,270.892,4.0,2.0,33.7,66.229,0.8,0.42860545724024335,-0.010708489369484243,0.0009657468572716232,0.3401630613017804,-0.008498801086892258,0.0007664657597393836,0,0,0,1,0,ESTAVEL,
34,2020-06-08,CMR,Africa,Cameroon,7908.0,309.0,215.0,3.0,297.9,11.64,8.099,0.113,,,,,,,,,26545864.0,50.885,18.8,3.165,1.919,3364.926,23.8,244.661,7.2,,,2.735,1.3,150.10289555573377,3.9989478096337887,0.10885957507753416,1.8981145113269315,0.05056838403684609,0.0013765753044705886,0,1,0,0,0,EXPONENCIAL,
35,2020-06-08,CAN,North America,Canada,95688.0,642.0,7800.0,27.0,2535.308,17.01,206.665,0.715,,,,,,,,,37742157.0,4.037,41.4,16.984,10.797,44017.59099999999,0.5,105.599,7.37,12.0,16.6,,2.5,1030.372511308568,-10.262482587317658,-0.6374880156183665,1.0768043132979768,-0.010724942090249205,-0.0006662152157202227,0,0,1,0,0,DESACELERACAO,
36,2020-06-08,CPV,Africa,Cape Verde,554.0,12.0,5.0,0.0,996.424,21.583,8.993,0.0,,,,,,,,,555988.0,135.58,25.7,4.46,3.437,6222.554,,182.219,2.42,2.1,16.5,,2.1,9.84893812168178,0.18590828558783185,0.009669657170216565,1.7777866645634979,0.033557452272171814,0.0017454254819885494,0,1,0,0,0,EXPONENCIAL,
37,2020-06-08,CYM,North America,Cayman Islands,164.0,0.0,1.0,0.0,2495.435,0.0,15.216,0.0,,,,,,,,,65720.0,256.496,,,,49903.029,,,13.22,,,,,2.3288741392467145,0.00895176836107812,-0.0037384701334538437,1.4200452068577532,0.0054583953421208035,-0.002279554959423076,0,0,0,0,1,LINEAR,
38,2020-06-08,CAF,Africa,Central African Republic,1634.0,64.0,5.0,0.0,338.319,13.251,1.035,0.0,,,,,,,,,4829764.0,7.479,18.3,3.655,2.251,661.24,,435.727,6.1,,,16.602999999999998,1.0,39.851576381978994,1.7422183535665423,0.06970265964285847,2.438896963401407,0.10662291025499036,0.004265768643993787,0,1,0,0,0,EXPONENCIAL,
39,2020-06-08,TCD,Africa,Chad,837.0,1.0,69.0,0.0,50.956,0.061,4.2010000000000005,0.0,,,,,,,,,16425859.0,11.833,16.7,2.486,1.446,1768.1529999999998,38.4,280.995,6.1,,,5.818,,14.367359854976204,-0.11648558288349192,-0.040012426256840664,1.7165304486232025,-0.013917034992053995,-0.004780457139407486,0,0,1,0,0,DESACELERACAO,
40,2020-06-08,CHL,South America,Chile,134150.0,6405.0,1637.0,96.0,7017.605,335.056,85.634,5.022,,,,,,,,,19116209.0,24.282,35.4,11.087,6.938,22767.037,1.3,127.993,8.46,34.2,41.5,,2.11,2776.5827901038465,83.4744420654815,1.4822782072004963,2.0697598137188566,0.06222470522957994,0.0011049408924342131,0,1,0,0,0,EXPONENCIAL,
41,2020-06-08,CHN,Asia,China,84191.0,5.0,4638.0,0.0,58.493,0.003,3.222,0.0,,,,,,,,,1439323774.0,147.674,38.7,10.640999999999998,5.9289999999999985,15308.712,0.7,261.899,9.74,1.9,48.4,,4.34,71.64170779763145,-2.836417937778101,0.1145895019785981,0.08509425924104888,-0.00336902749436175,0.00013610659331591036,0,0,0,1,0,ESTAVEL,
42,2020-06-08,COL,South America,Colombia,39236.0,1209.0,1259.0,54.0,771.1039999999998,23.76,24.743,1.061,,,,,,,,,50882884.0,44.223,32.2,7.646,4.312,13254.949,4.5,124.24,7.44,4.7,13.5,65.38600000000001,1.71,784.3158050745137,22.50696638837747,0.37434374708632295,1.998969836564669,0.057363050230343236,0.0009540823404177873,0,1,0,0,0,EXPONENCIAL,
43,2020-06-08,COM,Africa,Comoros,141.0,0.0,2.0,0.0,162.144,0.0,2.3,0.0,,,,,,,,,869595.0,437.352,20.4,2.963,1.726,1413.89,18.1,261.516,11.88,4.4,23.6,15.574000000000002,2.2,4.210375659387388,0.046932461728082735,-0.01241691241361088,2.9860820279343177,0.033285433849704074,-0.008806320860716936,0,1,0,0,0,EXPONENCIAL,
44,2020-06-08,COG,Africa,Congo,683.0,0.0,22.0,0.0,123.775,0.0,3.987,0.0,,,,,,,,,5518092.0,15.405,19.0,3.402,2.063,4881.406,37.0,344.094,7.2,1.7,52.3,47.964,,10.865602160646262,0.0879596891713492,-0.0027648128078478517,1.5908641523640208,0.012878431796683631,-0.00040480421784009534,0,1,0,0,0,EXPONENCIAL,
45,2020-06-08,CRI,North America,Costa Rica,1318.0,55.0,10.0,0.0,258.73,10.797,1.963,0.0,,,,,,,,,5094114.0,96.079,33.6,9.468,5.694,15524.995,1.3,137.97299999999998,8.78,6.4,17.4,83.84100000000002,1.13,17.5008414563321,0.5609679612535913,0.05077011772697232,1.3278331909204932,0.04256206079314046,0.0038520574906655775,0,1,0,0,0,EXPONENCIAL,
46,2020-06-08,CIV,Africa,Cote d'Ivoire,3739.0,182.0,36.0,0.0,141.745,6.9,1.365,0.0,,,,,,,,,26378275.0,76.399,18.7,2.9330000000000003,1.582,3601.006,28.2,303.74,2.42,,,19.351,,64.32417249838072,1.9819987993710773,0.17126999791810685,1.7203576490607306,0.053008793778311775,0.004580636478152096,0,1,0,0,0,EXPONENCIAL,
47,2020-06-08,HRV,Europe,Croatia,2247.0,0.0,104.0,0.0,547.346,0.0,25.333,0.0,,,,,,,,,4105268.0,73.726,44.0,19.724,13.053,22669.797,0.7,253.782,5.59,34.3,39.9,,5.54,11.438268865412207,-0.4896783050266144,0.012028381640534365,0.5090462334406857,-0.021792536939324186,0.0005353084842249382,0,0,1,0,0,DESACELERACAO,
48,2020-06-08,CUB,North America,Cuba,2191.0,18.0,83.0,0.0,193.438,1.589,7.3279999999999985,0.0,,,,,,,,,11326616.0,110.408,43.1,14.738,9.719,,,190.968,8.27,17.1,53.3,85.198,5.2,22.227891566591406,-0.17421234810654118,0.025872759881774014,1.0145089715468465,-0.007951271022662765,0.0011808653528879054,0,0,0,0,1,LINEAR,
49,2020-06-08,CUW,North America,Curacao,21.0,0.0,1.0,0.0,127.971,0.0,6.0939999999999985,0.0,,,,,,,,,164100.0,362.644,41.7,16.367,10.068,,,,11.62,,,,,0.1947673807194905,0.000981699178252169,-0.00017366268457296788,0.9274637177118596,0.0046747579916769965,-0.0008269651646331805,1,0,0,1,0,LENTO,
50,2020-06-08,CYP,Europe,Cyprus,964.0,4.0,18.0,0.0,1100.5839999999996,4.567,20.55,0.0,,,,,,,,,875899.0,127.657,37.3,13.416,8.562999999999999,32415.132,,141.171,9.24,19.6,52.7,,3.4,5.982200823690044,-0.17219486356923444,0.0069693650254231175,0.620560251420129,-0.017862537714650874,0.0007229631769111117,0,0,1,0,0,DESACELERACAO,
51,2020-06-08,CZE,Europe,Czech Republic,9628.0,61.0,327.0,0.0,899.058,5.6960000000000015,30.535,0.0,,,,,,,,,10708982.0,137.17600000000002,43.3,19.027,11.58,32605.906000000006,,227.485,6.82,30.5,38.3,,6.63,71.69341935556389,-0.9744054377983272,0.033555232095001226,0.7446346007017438,-0.010120538406712995,0.0003485171592750439,0,0,1,0,0,DESACELERACAO,
52,2020-06-08,COD,Africa,Democratic Republic of Congo,4016.0,138.0,85.0,4.0,44.841,1.541,0.949,0.045,,,,,,,,,89561404.0,35.879,17.0,3.02,1.745,808.133,77.1,318.949,6.1,,,4.472,,80.47679345090118,2.0001230347951657,0.003024413717209348,2.0039042193949497,0.049803860428166466,7.530910650421684e-05,0,1,0,0,0,EXPONENCIAL,
53,2020-06-08,DNK,Europe,Denmark,11948.0,24.0,589.0,2.0,2062.773,4.144,101.688,0.345,,,,,,,,,5792203.0,136.52,42.3,19.677,12.325,46682.515,0.2,114.767,6.41,19.3,18.8,,2.5,90.53290120267498,-2.021738625218786,0.019299928080508164,0.7577243153889771,-0.016921146846491347,0.00016153270907690126,0,0,1,0,0,DESACELERACAO,
54,2020-06-08,DJI,Africa,Djibouti,4207.0,38.0,28.0,2.0,4258.089,38.461,28.34,2.024,,,,,,,,,988002.0,41.285,25.4,4.213,2.38,2705.406,22.5,258.03700000000003,6.05,1.7,24.5,,1.4,81.66995798434787,1.5884170854544075,-0.15474461816283022,1.9412873302673608,0.03775652687079648,-0.0036782652284960827,0,1,0,0,0,EXPONENCIAL,
55,2020-06-08,DMA,North America,Dominica,18.0,0.0,0.0,0.0,250.031,0.0,0.0,0.0,,,,,,,,,71991.0,98.567,,,,9673.367,,227.376,11.62,,,,3.8,0.11046902606121857,1.3793936177708676e-05,2.225684662811289e-05,0.6137168114512144,7.663297876504821e-05,0.0001236491479339605,1,0,0,1,0,LENTO,
56,2020-06-08,DOM,North America,Dominican Republic,19600.0,405.0,538.0,2.0,1806.801,37.334,49.595,0.184,,,,,,,,,10847904.0,222.873,27.6,6.981,4.419,14600.861,1.6,266.653,8.2,8.5,19.1,55.182,1.6,296.20478691786116,2.7264910551294053,0.02547296838254931,1.5112489128462303,0.013910668648619414,0.0001299641244007618,0,1,0,0,0,EXPONENCIAL,
57,2020-06-08,ECU,South America,Ecuador,43120.0,392.0,3621.0,13.0,2444.02,22.218000000000004,205.237,0.737,,,,,,,,,17643060.0,66.939,28.1,7.104,4.458,10581.936000000003,3.6,140.44799999999998,5.55,2.0,12.3,80.635,1.5,527.838521745502,-0.9685146761716515,0.3426462206525099,1.2241153101704592,-0.0022460915495631987,0.0007946340924223327,0,0,0,0,1,LINEAR,
58,2020-06-08,EGY,Africa,Egypt,34079.0,1467.0,1237.0,39.0,333.016,14.335,12.088,0.381,,,,,,,,,102334403.0,97.999,25.3,5.159,2.891,10550.206,1.3,525.432,17.31,0.2,50.1,89.82700000000001,1.6,681.4094632339244,22.529516836577145,0.6386483603536489,1.9994995840075247,0.06610967703447032,0.0018740231824691128,0,1,0,0,0,EXPONENCIAL,
59,2020-06-08,SLV,North America,El Salvador,3015.0,81.0,55.0,2.0,464.833,12.488,8.48,0.308,,,,,,,,,6486201.0,307.811,27.6,8.273,5.417000000000002,7292.458,2.2,167.295,8.87,2.5,18.8,90.65,1.3,58.03734813428057,0.9192930813954641,-0.036008707748598816,1.9249535036245633,0.03049064946585287,-0.0011943186649618184,0,1,0,0,0,EXPONENCIAL,
60,2020-06-08,GNQ,Africa,Equatorial Guinea,1306.0,0.0,12.0,0.0,930.872,0.0,8.552999999999999,0.0,,,,,,,,,1402985.0,45.194,22.4,2.846,1.7519999999999998,22604.873,,202.812,7.78,,,24.64,2.1,21.751931476093244,-0.18434435363503465,-0.08152138451308766,1.6655383978631888,-0.014115187874045532,-0.006242066195489101,0,0,1,0,0,DESACELERACAO,
61,2020-06-08,ERI,Africa,Eritrea,41.0,0.0,0.0,0.0,11.561,0.0,0.0,0.0,,,,,,,,,3546427.0,44.304,19.3,3.607,2.171,1510.4589999999996,,311.11,6.05,0.2,11.4,,0.7,0.2257214563643481,-0.0036303431582440453,0.0006691224432194286,0.5505401374740198,-0.008854495507912306,0.001632005959071777,1,0,0,1,0,LENTO,
62,2020-06-08,EST,Europe,Estonia,1939.0,8.0,69.0,0.0,1461.698,6.0310000000000015,52.015,0.0,,,,,,,,,1326539.0,31.033,42.7,19.452,13.491,29481.252,0.5,255.569,4.02,24.5,39.3,,4.69,12.583446498979614,-0.15067144686138312,0.023715276115439183,0.6489657812779582,-0.0077705748768119205,0.0012230673602598855,0,0,0,1,0,ESTAVEL,
63,2020-06-08,ETH,Africa,Ethiopia,2020.0,86.0,27.0,7.0,17.570999999999998,0.748,0.235,0.061,,,,,,,,,114963583.0,104.957,19.8,3.526,2.063,1729.927,26.7,182.634,7.47,0.4,8.5,7.96,0.3,49.995710598612355,2.42303785535154,0.08812371830630493,2.4750351781491267,0.1199523690768089,0.0043625603121933134,0,1,0,0,0,EXPONENCIAL,
64,2020-06-08,FRO,Europe,Faeroe Islands,187.0,0.0,0.0,0.0,3826.87,0.0,0.0,0.0,,,,,,,,,48865.0,35.308,,,,,,,,,,,,0.3786649442333533,-0.019147046101162697,0.0010504361614748444,0.20249462258468087,-0.010239062086183259,0.0005617305676336067,0,0,1,0,0,DESACELERACAO,
65,2020-06-08,FLK,South America,Falkland Islands,13.0,0.0,0.0,0.0,3732.415,0.0,0.0,0.0,,,,,,,,,3483.0,,,,,,,,,,,,,0.07333482220124865,-0.0040606700767454925,0.00023645654999765944,0.5641140169326819,-0.031235923667273013,0.001818896538443534,1,0,1,0,0,LENTO,
66,2020-06-08,FJI,Oceania,Fiji,18.0,0.0,0.0,0.0,20.079,0.0,0.0,0.0,,,,,,,,,896444.0,49.562,28.6,6.224,3.284,8702.975,1.4,412.82,14.49,10.2,34.8,,2.3,0.07176710454057646,-0.003594972472137701,0.00018345468547591984,0.39870613633653584,-0.019972069289653897,0.0010191926970884438,1,0,1,0,0,LENTO,
67,2020-06-08,FIN,Europe,Finland,6981.0,17.0,323.0,1.0,1259.945,3.068,58.29600000000001,0.18,,,,,,,,,5540718.0,18.136,42.8,21.228,13.264,40585.721,,153.507,5.76,18.3,22.6,,3.28,56.88416178283713,-1.2823558743214072,-0.02081974444092406,0.8148425982357417,-0.018369228968935787,-0.00029823441399404177,0,0,1,0,0,DESACELERACAO,
68,2020-06-08,FRA,Europe,France,153977.0,343.0,29155.0,13.0,2358.951,5.255,446.659,0.199,,,,,,,,,65273512.0,122.578,42.0,19.718,13.079,38605.671,,86.06,4.77,30.1,35.6,,5.98,1002.1353954824933,-20.473290020735067,0.32093495650401804,0.6508344723448912,-0.0132963299848257,0.0002084304516285017,0,0,1,0,0,DESACELERACAO,
69,2020-06-08,PYF,Oceania,French Polynesia,60.0,0.0,0.0,0.0,213.596,0.0,0.0,0.0,,,,,,,,,280904.0,77.324,32.7,7.775,4.593,,,,22.63,,,,,0.2334282977193785,-0.011462693812101823,0.0005257169251395183,0.3890471628656308,-0.019104489686836368,0.0008761948752325307,0,0,1,0,0,DESACELERACAO,
70,2020-06-08,GAB,Africa,Gabon,3101.0,0.0,21.0,0.0,1393.2520000000004,0.0,9.435,0.0,,,,,,,,,2225728.0,7.859,23.1,4.45,2.9760000000000004,16562.413,3.4,259.967,7.2,,,,6.3,59.73795699214125,0.4761718528288354,-0.14158902689654732,1.9264094483115528,0.01535542898512852,-0.004565915088569729,0,1,0,0,0,EXPONENCIAL,
71,2020-06-08,GMB,Africa,Gambia,26.0,0.0,1.0,0.0,10.759,0.0,0.414,0.0,,,,,,,,,2416664.0,207.566,17.5,2.339,1.4169999999999998,1561.767,10.1,331.43,1.91,0.7,31.2,7.876,1.1,0.26472780677977165,-0.007422121866976714,-0.000201126603824868,1.018183872229891,-0.02854662256529505,-0.0007735638608648769,1,0,1,0,0,LENTO,
72,2020-06-08,GEO,Asia,Georgia,808.0,0.0,13.0,0.0,202.548,0.0,3.259,0.0,,,,,,,,,3989175.0,65.032,38.7,14.864,10.244000000000002,9745.079,4.2,496.218,7.11,5.3,55.5,,2.6,7.742799323662753,-0.12441591689225268,-0.0064480584931445465,0.9582672430275684,-0.015398009516367906,-0.0007980270412307606,0,0,1,0,0,DESACELERACAO,
73,2020-06-08,DEU,Europe,Germany,184193.0,214.0,8674.0,6.0,2198.428,2.5540000000000003,103.528,0.07200000000000001,,,,,,,,,83783945.0,237.016,46.6,21.453000000000007,15.957,45229.245,,156.139,8.31,28.2,33.1,,8.0,1082.6417435908425,-29.70640535173265,0.4593482673922061,0.5877757263255621,-0.016127868785313585,0.0002493842151396666,0,0,1,0,0,DESACELERACAO,
74,2020-06-08,GHA,Africa,Ghana,9638.0,176.0,44.0,0.0,310.173,5.664,1.416,0.0,,,,,,,,,31072945.0,126.719,21.1,3.385,1.948,4227.63,12.0,298.245,4.97,0.3,7.7,41.047,0.9,165.79832068966218,2.3287281023555697,0.08631749486117342,1.7202564919035297,0.024161943373683027,0.0008955955059262649,0,1,0,0,0,EXPONENCIAL,
75,2020-06-08,GIB,Europe,Gibraltar,175.0,1.0,0.0,0.0,5194.266,29.682,0.0,0.0,,,,,,,,,33691.0,3457.1,,,,,,,,,,,,1.3469354887061995,-0.0060176880810263785,-0.00038847400872127005,0.7696774221178284,-0.0034386789034436442,-0.00022198514784072578,0,0,0,1,0,ESTAVEL,
76,2020-06-08,GRC,Europe,Greece,2952.0,0.0,180.0,0.0,283.218,0.0,17.269000000000002,0.0,,,,,,,,,10423056.0,83.479,45.3,20.396,14.524,24574.382,1.5,175.695,4.55,35.3,52.0,,4.21,16.706279707945313,-0.5012205720328228,0.01089904901473762,0.5659308844154917,-0.016979016667778547,0.0003692089774640115,0,0,1,0,0,DESACELERACAO,
77,2020-06-08,GRL,North America,Greenland,13.0,0.0,0.0,0.0,228.986,0.0,0.0,0.0,,,,,,,,,56772.0,0.13699999999999998,,,,,,199.941,2.16,,,,,0.07722091425666636,-0.0010827030674441056,-0.00021645969252414012,0.5940070327435873,-0.008328485134185427,-0.001665074557878001,1,0,0,1,0,LENTO,
78,2020-06-08,GRD,North America,Grenada,23.0,0.0,0.0,0.0,204.41,0.0,0.0,0.0,,,,,,,,,112519.0,317.132,29.4,7.3039999999999985,5.021,13593.877,,243.96400000000003,10.71,,,,3.7,0.1514382425403948,-0.006021672078535505,1.2567628258694055e-05,0.6584271414799773,-0.02618118295015437,5.464186199432199e-05,1,0,1,0,0,LENTO,
79,2020-06-08,GUM,Oceania,Guam,179.0,0.0,5.0,0.0,1060.533,0.0,29.624,0.0,,,,,,,,,168783.0,304.128,31.4,9.551,5.4929999999999986,,,310.496,21.52,,,,,1.2686383819929004,-0.02559087067856767,-0.001055960790445734,0.7087365262530171,-0.014296575798082497,-0.0005899222292992928,0,0,1,0,0,DESACELERACAO,
80,2020-06-08,GTM,North America,Guatemala,7055.0,263.0,252.0,22.0,393.792,14.68,14.066,1.228,,,,,,,,,17915567.0,157.834,22.9,4.694,3.016,7423.808000000001,8.7,155.898,10.18,,,76.665,0.6,156.7059356116371,4.952016127417901,0.052303702290985486,2.2212039066142744,0.07019158224546987,0.0007413706915802338,0,1,0,0,0,EXPONENCIAL,
81,2020-06-08,GGY,Europe,Guernsey,252.0,0.0,13.0,0.0,3758.277,0.0,193.879,0.0,,,,,,,,,67052.0,,,,,,,,,,,,,1.1459143140351342,-0.05706565180597555,0.0027885412123057683,0.4547279023948945,-0.02264509992300617,0.0011065639731372098,0,0,1,0,0,DESACELERACAO,
82,2020-06-08,GIN,Africa,Guinea,4165.0,48.0,23.0,0.0,317.145,3.655,1.751,0.0,,,,,,,,,13132792.0,51.755,19.0,3.135,1.733,1998.926,35.3,336.717,2.42,,,17.45,0.3,63.767755000199564,0.05882206707768744,-0.050675102162749765,1.5310385354189573,0.0014122945276755685,-0.001216689127557017,0,0,0,0,1,LINEAR,
83,2020-06-08,GNB,Africa,Guinea-Bissau,1368.0,0.0,12.0,0.0,695.123,0.0,6.098,0.0,,,,,,,,,1967998.0,66.191,19.4,3.002,1.565,1548.675,67.1,382.474,2.42,,,6.403,,21.81080256697881,-0.32401385193343124,-0.048978626807481836,1.5943569127908492,-0.02368522309454907,-0.0035803089771551046,0,0,1,0,0,DESACELERACAO,
84,2020-06-08,GUY,South America,Guyana,154.0,0.0,12.0,0.0,195.79,0.0,15.255999999999998,0.0,,,,,,,,,786559.0,3.952,26.3,5.305,2.837,7435.047,,373.159,11.62,,,77.15899999999998,1.6,1.7530504072580273,-0.032551407516668934,-0.0039468078111178605,1.1383444202974204,-0.021137277608226576,-0.002562862215011597,0,0,1,0,0,DESACELERACAO,
85,2020-06-08,HTI,North America,Haiti,3334.0,262.0,51.0,1.0,292.391,22.977,4.473,0.08800000000000001,,,,,,,,,11402533.0,398.448,24.3,4.8,2.954,1653.1729999999998,23.5,430.548,6.65,2.9,23.1,22.863000000000003,0.7,84.72641549200868,3.7847594774287887,0.11768991229951745,2.5412842079186766,0.1135200803068023,0.0035299913707113814,0,1,0,0,0,EXPONENCIAL,
86,2020-06-08,HND,North America,Honduras,6327.0,172.0,258.0,8.0,638.794,17.366,26.048,0.8079999999999999,,,,,,,,,9904608.0,82.805,24.9,4.652,2.883,4541.795,16.0,240.208,7.21,2.0,,84.169,0.7,120.89135225716468,2.024393321345679,-0.08508074989396848,1.9107215466597864,0.031996101175054185,-0.0013447249864701827,0,1,0,0,0,EXPONENCIAL,
87,,,,,,,,,,,,,,,,,,,,,,,,,,,,,,,,,,0.0,0.0,0.0,,,,0,0,0,0,0,,0.0
88,2020-06-08,HUN,Europe,Hungary,3970.0,0.0,542.0,0.0,410.958,0.0,56.106,0.0,,,,,,,,,9660350.0,108.043,43.4,18.577,11.976,26777.561,0.5,278.296,7.55,26.8,34.8,,7.02,34.90993886799262,-0.8932501154747858,-0.021356381091334968,0.8793435483121568,-0.022500002908684792,-0.0005379441080940796,0,0,1,0,0,DESACELERACAO,
89,2020-06-08,ISL,Europe,Iceland,1807.0,1.0,10.0,0.0,5295.238,2.93,29.304,0.0,,,,,,,,,341250.0,3.404,37.3,14.431,9.207,46482.958,0.2,117.992,5.31,14.3,15.2,,2.91,6.313539991793709,-0.2825942545482984,0.012686911593790684,0.3493934693853741,-0.01563886300765348,0.0007020980406082282,0,0,1,0,0,DESACELERACAO,
90,2020-06-08,IND,Asia,India,256611.0,9983.0,7135.0,206.0,185.949,7.234,5.17,0.149,,,,,,,,,1380004385.0,450.419,28.2,5.989,3.414,6426.674,21.2,282.28,10.39,1.9,20.6,59.55,0.53,5045.147158648242,151.37532740536705,3.594157890349003,1.9660681571126108,0.05899019426500308,0.0014006250279017668,0,1,0,0,0,EXPONENCIAL,
91,2020-06-08,IDN,Asia,Indonesia,31186.0,672.0,1851.0,50.0,114.016,2.457,6.767,0.183,,,,,,,,,273523621.0,145.725,29.3,5.319,3.053,11188.744,5.7,342.8640000000001,6.32,2.8,76.1,64.204,1.04,505.09901268676873,7.543505711559995,0.08659508878462949,1.6196338507239425,0.024188756851022872,0.00027767295832947314,0,1,0,0,0,EXPONENCIAL,
92,2020-06-08,IRN,Asia,Iran,171789.0,2364.0,8281.0,72.0,2045.279,28.145,98.592,0.857,,,,,,,,,83992953.0,49.831,32.4,5.44,3.182,19082.62,0.2,270.308,9.59,0.8,21.1,,1.5,2022.6406553667941,24.96313158884213,0.44833681305418027,1.1773982358397768,0.014531274754985554,0.00026098109486298913,0,1,0,0,0,EXPONENCIAL,
93,2020-06-08,IRQ,Asia,Iraq,12366.0,1268.0,346.0,28.0,307.44,31.525,8.602,0.696,,,,,,,,,40222503.0,88.125,20.0,3.1860000000000004,1.957,15663.986,2.5,218.612,8.83,,,94.576,1.4,281.18815728014243,17.004102555982403,1.5017161957056744,2.273881265406295,0.13750689435534855,0.012143912305561009,0,1,0,0,0,EXPONENCIAL,
94,2020-06-08,IRL,Europe,Ireland,25201.0,18.0,1679.0,9.0,5103.694,3.645,340.03,1.823,,,,,,,,,4937796.0,69.874,38.7,13.928,8.677999999999999,67335.293,0.2,126.459,3.28,23.0,25.7,,2.96,186.42868351045826,-6.452105573583242,0.053978524112482065,0.7397670073031161,-0.025602577570664826,0.0002141919928275944,0,0,1,0,0,DESACELERACAO,
95,2020-06-08,IMN,Europe,Isle of Man,336.0,0.0,24.0,0.0,3951.454,0.0,282.247,0.0,,,,,,,,,85032.0,147.872,,,,,,,,,,,,1.8331069725408555,-0.0883136656474368,0.003387346122837196,0.5455675513514451,-0.026283829061737145,0.0010081387270348798,0,0,1,0,0,DESACELERACAO,
96,2020-06-08,ISR,Asia,Israel,17915.0,132.0,298.0,1.0,2069.772,15.25,34.429,0.116,,,,,,,,,8655541.0,402.606,30.6,11.733,7.359,33132.32,0.5,93.32,6.74,15.4,35.4,,2.99,118.99376542812416,-1.3863573365582156,0.2493488782921301,0.6642130361603358,-0.007738528253185686,0.0013918441434112765,0,0,0,1,0,ESTAVEL,
97,2020-06-08,ITA,Europe,Italy,234998.0,197.0,33899.0,53.0,3886.717,3.258,560.668,0.877,,,,,,,,,60461828.0,205.859,47.9,23.021,16.24,35220.084,2.0,113.151,4.78,19.8,27.8,,3.18,1298.8607877794395,-39.65501700987815,0.484366165992689,0.5527114221310137,-0.01687461893713059,0.00020611501629489996,0,0,1,0,0,DESACELERACAO,
98,2020-06-08,JAM,North America,Jamaica,598.0,2.0,10.0,0.0,201.948,0.675,3.377,0.0,,,,,,,,,2961161.0,266.879,31.4,9.684,6.39,8193.571,,206.537,11.28,5.3,28.6,66.425,1.7,5.978868493848273,-0.1417759278269534,-0.0020160559049252668,0.9998107849244602,-0.02370834913494204,-0.0003371330944691082,0,0,1,0,0,DESACELERACAO,
99,2020-06-08,JPN,Asia,Japan,17174.0,33.0,916.0,0.0,135.78799999999998,0.261,7.242000000000001,0.0,,,,,,,,,126476458.0,347.778,48.2,27.049,18.493,39002.223,,79.37,5.72,11.2,33.7,,13.05,121.48860338058606,-3.3645519559282238,0.06486412181924597,0.7073984126038548,-0.01959096282711205,0.00037768791090745296,0,0,1,0,0,DESACELERACAO,
100,2020-06-08,JEY,Europe,Jersey,311.0,0.0,30.0,0.0,3076.984000000001,0.0,296.815,0.0,,,,,,,,,101073.0,,,,,,,,,,,,,1.8342987304105072,-0.0687389792707533,0.0031271905475749344,0.5898066657268511,-0.022102565681914245,0.0010055275072588213,0,0,1,0,0,DESACELERACAO,
101,2020-06-08,JOR,Asia,Jordan,808.0,13.0,9.0,0.0,79.191,1.274,0.882,0.0,,,,,,,,,10203140.0,109.285,23.2,3.81,2.361,8337.49,0.1,208.257,11.75,,,,1.4,8.743083508923664,0.020425302128796268,0.007241642624739102,1.0820647907083742,0.002527883926831221,0.0008962428991013739,0,0,0,0,1,LINEAR,
102,2020-06-08,KAZ,Asia,Kazakhstan,12859.0,165.0,56.0,3.0,684.8380000000002,8.787,2.982,0.16,,,,,,,,,18776707.0,6.681,30.6,6.9910000000000005,4.625,24055.588,0.1,466.792,7.11,7.0,43.1,98.999,6.7,222.32883738362426,2.1604236225273468,-0.34255339124718137,1.7289745499931897,0.016800868049827725,-0.002663919365791907,0,1,0,0,0,EXPONENCIAL,
103,2020-06-08,KEN,Africa,Kenya,2767.0,167.0,84.0,1.0,51.459,3.1060000000000003,1.5619999999999998,0.019,,,,,,,,,53771300.0,87.324,20.0,2.6860000000000004,1.528,2993.028,36.8,218.637,2.92,1.2,20.4,24.651,1.4,59.4779444043503,2.270883697736756,0.0969584582165158,2.1495462379598957,0.08207024567172952,0.0035041004053673933,0,1,0,0,0,EXPONENCIAL,
104,2020-06-08,OWID_KOS,Europe,Kosovo,1142.0,0.0,30.0,0.0,590.861,0.0,15.522,0.0,,,,,,,,,1932774.0,168.155,,,,9795.834,0.6,,,,,,,11.552461649556275,-0.15172272477112608,-0.002490238407173921,1.0115990936564159,-0.013285702694494405,-0.00021805940518160438,0,0,1,0,0,DESACELERACAO,
105,2020-06-08,KWT,Asia,Kuwait,31848.0,717.0,264.0,10.0,7457.565,167.894,61.819,2.342,,,,,,,,,4270563.0,232.128,33.7,2.345,1.114,65530.537,,132.235,15.84,2.7,37.0,,2.0,585.6112179608805,7.2609432486409915,-0.6994122858873286,1.838769209874656,0.02279874167495915,-0.0021960948439064573,0,1,0,0,0,EXPONENCIAL,
106,2020-06-08,KGZ,Asia,Kyrgyzstan,2032.0,25.0,23.0,1.0,311.456,3.832,3.525,0.153,,,,,,,,,6524191.0,32.333,26.3,4.489,2.882,3393.474,1.4,436.362,7.11,3.6,50.5,89.22,4.5,31.48555193634155,0.25984143260811177,-0.030252237207240764,1.5494858236388558,0.012787472077170854,-0.0014887912011437381,0,1,0,0,0,EXPONENCIAL,
107,2020-06-08,LAO,Asia,Laos,19.0,0.0,0.0,0.0,2.611,0.0,0.0,0.0,,,,,,,,,7275556.0,29.715,24.4,4.029,2.322,6397.36,22.7,368.111,4.0,7.3,51.2,49.839,1.5,0.07308522321818532,-0.0037916291498399936,0.0002125566091909004,0.3846590695693964,-0.019955942893894702,0.0011187189957415807,1,0,1,0,0,LENTO,
108,2020-06-08,LVA,Europe,Latvia,1088.0,2.0,25.0,0.0,576.821,1.06,13.254,0.0,,,,,,,,,1886202.0,31.212,43.9,19.754,14.136,25063.846,0.7,350.06,4.91,25.6,51.0,,5.57,7.78147609827214,-0.20111570586227906,-0.0008218103924341601,0.7152092002088365,-0.01848489943587124,-7.553404342225738e-05,0,0,1,0,0,DESACELERACAO,
109,2020-06-08,LBN,Asia,Lebanon,1331.0,11.0,30.0,1.0,195.006,1.612,4.395,0.147,,,,,,,,,6825442.0,594.561,31.1,8.514,5.43,13367.565,,266.591,12.71,26.9,40.7,,2.9,14.968224839854386,0.07492927679987738,-0.01292500764730892,1.1245848865405246,0.005629547468059908,-0.0009710749547189273,0,0,0,0,1,LINEAR,
110,2020-06-08,LSO,Africa,Lesotho,4.0,0.0,0.0,0.0,1.867,0.0,0.0,0.0,,,,,,,,,2142252.0,73.562,22.2,4.506,2.647,2851.153,59.6,405.126,3.94,0.4,53.9,2.117,,0.13977417362762046,0.006996717604086828,0.00013300245976438535,3.4943543406905118,0.17491794010217068,0.0033250614941096337,1,1,0,0,0,LENTO,
111,2020-06-08,LBR,Africa,Liberia,359.0,14.0,30.0,0.0,70.98100000000002,2.768,5.932,0.0,,,,,,,,,5057677.0,49.127,19.2,3.057,1.756,752.788,38.6,272.509,2.42,1.5,18.1,1.188,0.8,5.639158669698696,0.12217686289562407,0.012615045434437856,1.5707962868241494,0.034032552338613936,0.003513940232433943,0,1,0,0,0,EXPONENCIAL,
112,2020-06-08,LBY,Africa,Libya,256.0,0.0,5.0,0.0,37.256,0.0,0.728,0.0,,,,,,,,,6871287.0,3.623,29.0,4.424,2.8160000000000003,17881.509,,341.862,10.43,,,,3.7,5.9154107825196025,0.29826675987965384,0.010317316838025007,2.3107073369217197,0.11651045307798978,0.004030201889853519,0,1,0,0,0,EXPONENCIAL,
113,2020-06-08,LIE,Europe,Liechtenstein,83.0,0.0,1.0,0.0,2176.364,0.0,26.221,0.0,,,,,,,,,38137.0,237.012,,,,,,,7.77,,,,2.397,0.2524787355356096,-0.012197798649145384,0.0005969362618347969,0.3041912476332645,-0.014696142950777568,0.0007192003154636108,0,0,1,0,0,DESACELERACAO,
114,2020-06-08,LTU,Europe,Lithuania,1714.0,9.0,71.0,0.0,629.617,3.306,26.081,0.0,,,,,,,,,2722291.0,45.135,43.5,19.002,13.778,29524.265,0.7,342.9890000000001,3.67,21.3,38.0,,6.56,12.187556183025546,-0.2382923572665148,0.006912987226009065,0.711059287224361,-0.013902704624650805,0.00040332480898535976,0,0,1,0,0,DESACELERACAO,
115,2020-06-08,LUX,Europe,Luxembourg,4039.0,4.0,110.0,0.0,6452.324000000001,6.39,175.726,0.0,,,,,,,,,625976.0,231.447,39.7,14.312,9.842,94277.965,0.2,128.275,4.42,20.9,26.0,,4.51,19.06413900036922,-0.7110432013743254,0.02545868661427058,0.4720014607667546,-0.017604436775794142,0.000630321530435023,0,0,1,0,0,DESACELERACAO,
116,2020-06-08,MKD,Europe,Macedonia,3028.0,111.0,153.0,2.0,1453.4070000000004,53.279,73.438,0.96,,,,,,,,,2083380.0,82.6,39.1,13.26,8.16,13111.214,5.0,322.688,10.08,,,,4.28,46.913822179506795,1.7879180235767147,0.16421915767325687,1.5493336254790884,0.0590461698671306,0.0054233539522211644,0,1,0,0,0,EXPONENCIAL,
117,2020-06-08,MDG,Africa,Madagascar,1052.0,26.0,9.0,1.0,37.991,0.939,0.325,0.036000000000000004,,,,,,,,,27691019.0,43.951,19.6,2.929,1.686,1416.44,77.6,405.994,3.94,,,50.54,0.2,22.755772853639137,0.6653154213731813,-0.00919825962164276,2.163096278863036,0.06324291077691838,-0.0008743592796238366,0,1,0,0,0,EXPONENCIAL,
118,2020-06-08,MWI,Africa,Malawi,438.0,29.0,4.0,0.0,22.896,1.516,0.209,0.0,,,,,,,,,19129955.0,197.519,18.1,2.979,1.783,1095.042,71.4,227.349,3.94,4.4,24.7,8.704,1.3,11.273644871091877,0.4411006598190903,-0.006119618581730184,2.573891523080337,0.10070791320070556,-0.001397173192175841,0,1,0,0,0,EXPONENCIAL,
119,2020-06-08,MYS,Asia,Malaysia,8322.0,19.0,117.0,0.0,257.122,0.5870000000000001,3.615,0.0,,,,,,,,,32365998.0,96.254,29.9,6.292999999999998,3.407,26808.164,0.1,260.942,16.74,1.0,42.4,,1.9,70.2937358111833,-0.025527391228404053,0.031709403095422355,0.8446735858109023,-0.00030674586912285564,0.0003810310393585959,0,0,0,1,0,ESTAVEL,
120,2020-06-08,MDV,Asia,Maldives,1903.0,2.0,8.0,1.0,3520.54,3.7,14.8,1.85,,,,,,,,,540542.0,1454.433,30.6,4.12,2.875,15183.616000000002,,164.905,9.19,2.1,55.0,95.803,,32.05089288150623,-0.018753584146887096,-0.08152768595401395,1.6842297888337483,-0.0009854747318385232,-0.004284166366474722,0,0,0,0,1,LINEAR,
121,2020-06-08,MLI,Africa,Mali,1533.0,10.0,92.0,2.0,75.70100000000002,0.494,4.543,0.099,,,,,,,,,20250834.0,15.196,16.4,2.519,1.486,2014.306,,268.024,2.42,1.6,23.0,52.232,0.1,26.588573357795127,0.3519220680628355,-0.008434357575241476,1.734414439516969,0.02295642974969573,-0.0005501864041253409,0,1,0,0,0,EXPONENCIAL,
122,2020-06-08,MLT,Europe,Malta,629.0,7.0,9.0,0.0,1424.563,15.854,20.383,0.0,,,,,,,,,441539.0,1454.037,42.4,19.426,11.324000000000002,36513.323,0.2,168.71099999999996,8.83,20.9,30.2,,4.485,4.898990293767292,-0.1108750522809059,-0.0010077058771002408,0.7788537827928922,-0.017627194321288696,-0.00016020761162165991,0,0,1,0,0,DESACELERACAO,
123,2020-06-08,MRT,Africa,Mauritania,947.0,0.0,43.0,0.0,203.671,0.0,9.248,0.0,,,,,,,,,4649660.0,4.289,20.3,3.138,1.7919999999999998,3597.633,6.0,232.347,2.42,,,15.95,,24.832779750519947,1.1683546200323178,0.016976142016546944,2.6222576294107656,0.12337429989781605,0.0017926232330039012,0,1,0,0,0,EXPONENCIAL,
124,2020-06-08,MUS,Africa,Mauritius,337.0,0.0,10.0,0.0,264.986,0.0,7.862999999999999,0.0,,,,,,,,,1271767.0,622.962,37.4,10.945,5.884,20292.745,0.5,224.644,22.02,3.2,40.7,,3.4,1.4689132335292905,-0.06050672578183833,0.003685844845321185,0.43587929778317225,-0.01795451803615381,0.001093722506030025,0,0,1,0,0,DESACELERACAO,
125,2020-06-08,MEX,North America,Mexico,117103.0,3484.0,13699.0,188.0,908.249,27.022,106.249,1.4580000000000002,,,,,,,,,128932753.0,66.444,29.3,6.857,4.3210000000000015,17336.468999999994,2.5,152.783,13.06,6.9,21.4,87.84700000000002,1.38,2276.1238746585473,54.84986964960225,0.5489513463392819,1.9436939059277276,0.04683899613981047,0.0004687765013187381,0,1,0,0,0,EXPONENCIAL,
126,2020-06-08,MDA,Europe,Moldova,9700.0,189.0,341.0,10.0,2404.583,46.852,84.53200000000002,2.479,,,,,,,,80.56,4033963.0,123.655,37.6,10.864,6.955,5189.972,0.2,408.502,5.72,5.9,44.6,86.979,5.8,147.7025064393111,2.109047726166112,0.0830623190273038,1.5227062519516603,0.02174276006356816,0.0008563125672917918,0,1,0,0,0,EXPONENCIAL,
127,2020-06-08,MCO,Europe,Monaco,99.0,0.0,5.0,0.0,2522.679,0.0,127.408,0.0,,,,,,,,,39244.0,19347.5,,,,,,,5.46,,,,13.8,0.4254743889170956,-0.017069773972086363,0.00045599076274114474,0.4297721100172683,-0.01724219593140036,0.00046059673004156037,0,0,1,0,0,DESACELERACAO,
128,2020-06-08,MNG,Asia,Mongolia,194.0,1.0,0.0,0.0,59.177,0.305,0.0,0.0,,,,,,,,,3278292.0,1.98,28.6,4.0310000000000015,2.421,11840.846,0.5,460.043,4.82,5.5,46.5,71.18,7.0,3.192533248582378,-0.015026369616096468,-0.00853506316154173,1.6456356951455555,-0.0077455513485033345,-0.004399517093578211,0,0,0,0,1,LINEAR,
129,2020-06-08,MNE,Europe,Montenegro,324.0,0.0,9.0,0.0,515.873,0.0,14.33,0.0,,,,,,,,,628062.0,46.28,39.1,14.762,9.395,16409.288,1.0,387.305,10.08,44.0,47.9,,3.861,1.4063741037512856,-0.06936196288102113,0.0033380939752705656,0.43406608140471775,-0.02140801323488306,0.0010302759182933845,0,0,1,0,0,DESACELERACAO,
130,2020-06-08,MSR,North America,Montserrat,11.0,0.0,1.0,0.0,2200.44,0.0,200.04,0.0,,,,,,,,,4999.0,,,,,,,,,,,,,0.04318303817051468,-0.0021921690713656576,0.00011603193371305196,0.3925730742774061,-0.0199288097396878,0.001054835761027745,1,0,1,0,0,LENTO,
131,2020-06-08,MAR,Africa,Morocco,8224.0,92.0,208.0,0.0,222.80900000000003,2.4930000000000003,5.635,0.0,,,,,,,,,36910558.0,80.08,29.6,6.769,4.209,7485.013000000001,1.0,419.146,7.14,0.8,47.1,,1.1,91.69498228841644,-1.205259188083167,0.017354654044133343,1.1149681698494218,-0.014655388960155237,0.0002110244898362517,0,0,1,0,0,DESACELERACAO,
132,2020-06-08,MOZ,Africa,Mozambique,426.0,15.0,2.0,0.0,13.63,0.48,0.064,0.0,,,,,,,,,31255435.0,37.728,17.7,3.158,1.87,1136.103,62.9,329.94199999999995,3.3,5.1,29.1,12.227,0.7,9.626267429824994,0.4395717871355945,0.028850363082597082,2.2596871900997644,0.10318586552478744,0.006772385700140159,0,1,0,0,0,EXPONENCIAL,
133,2020-06-08,MMR,Asia,Myanmar,243.0,3.0,6.0,0.0,4.466,0.055,0.11,0.0,,,,,,,,,54409794.0,81.721,29.1,5.732,3.12,5591.597,6.4,202.104,4.61,6.3,35.2,79.28699999999998,0.9,2.8689201977397163,-0.011769216590292307,0.0006990024361537173,1.1806255957776608,-0.004843299008350743,0.00028765532352004826,0,0,0,0,1,LINEAR,
134,2020-06-08,NAM,Africa,Namibia,29.0,0.0,0.0,0.0,11.413,0.0,0.0,0.0,,,,,,,,,2540916.0,3.0780000000000003,22.0,3.552,2.085,9541.808,13.4,243.811,3.94,9.7,34.2,44.6,,0.3888081725327629,0.014206266033836684,0.000992419925224544,1.3407178363198722,0.04898712425460925,0.003422137673188082,1,1,0,0,0,LENTO,
135,2020-06-08,NPL,Asia,Nepal,3448.0,536.0,13.0,2.0,118.338,18.396,0.446,0.069,,,,,,,,,29136808.0,204.43,25.0,5.809,3.212,2442.804,15.0,260.797,7.26,9.5,37.8,47.782,0.3,89.09474366099299,5.332324999498177,0.3398558501678082,2.583954282511397,0.1546497969692047,0.00985660818352112,0,1,0,0,0,EXPONENCIAL,
136,2020-06-08,NLD,Europe,Netherlands,47574.0,239.0,6013.0,2.0,2776.443,13.948,350.922,0.117,,,,,,,,,17134873.0,508.544,43.2,18.779,11.880999999999998,48472.545,,109.361,5.29,24.4,27.3,,3.32,338.4396681813327,-7.352294389709227,0.295549919154956,0.7113962840655246,-0.015454438116847912,0.0006212425256546768,0,0,1,0,0,DESACELERACAO,
137,2020-06-08,NCL,Oceania,New Caledonia,20.0,0.0,0.0,0.0,70.055,0.0,0.0,0.0,,,,,,,,,285491.0,15.342,33.4,9.954,6.489,,,,23.36,,,,,0.10392493644148994,-0.0007852569158614783,-7.328200832675813e-05,0.5196246822074497,-0.003926284579307391,-0.0003664100416337906,1,0,0,1,0,LENTO,
138,2020-06-08,NZL,Oceania,New Zealand,1154.0,0.0,22.0,0.0,239.308,0.0,4.562,0.0,,,,,,,,,4822233.0,18.206,37.9,15.322,9.72,36085.843,,128.797,8.08,14.8,17.2,,2.61,4.565533101139874,-0.21264564065751496,0.008611269221646612,0.3956267851940965,-0.01842683194605849,0.0007462105044754429,0,0,1,0,0,DESACELERACAO,
139,2020-06-08,NIC,North America,Nicaragua,1309.0,0.0,46.0,0.0,197.598,0.0,6.944,0.0,,,,,,,,,6624554.0,51.667,27.3,5.445,3.519,5321.444,3.2,137.016,11.47,,,,0.9,33.58693736491374,1.289392490881585,-0.014407792640397838,2.5658470103066264,0.09850210014374218,-0.0011006717066766873,0,1,0,0,0,EXPONENCIAL,
140,2020-06-08,NER,Africa,Niger,973.0,3.0,65.0,0.0,40.196,0.124,2.685,0.0,,,,,,,,,24206636.0,16.955,15.1,2.553,1.378,926.0,44.5,238.33900000000003,2.42,0.1,15.4,8.978,0.3,7.9952848281994155,-0.24535162972716265,0.003352497396785157,0.8217147819321085,-0.02521599483321301,0.0003445526615400984,0,0,1,0,0,DESACELERACAO,
141,2020-06-08,NGA,Africa,Nigeria,12486.0,253.0,354.0,12.0,60.57100000000001,1.227,1.717,0.058,,,,,,,,,206139587.0,209.588,18.1,2.7510000000000003,1.4469999999999998,5338.4540000000015,,181.013,2.42,0.6,10.8,41.949,,234.19585328553532,4.1552573684225615,-0.07865747277049966,1.8756675739671256,0.03327933179899538,-0.0006299653433485476,0,1,0,0,0,EXPONENCIAL,
142,2020-06-08,MNP,Oceania,Northern Mariana Islands,27.0,0.0,2.0,0.0,469.1,0.0,34.748000000000005,0.0,,,,,,,,,57557.0,119.878,,,,,,194.99400000000003,,,,,,0.3448898186949888,0.005449997475245239,0.0007578654386592398,1.2773696988703291,0.020185175834241623,0.002806909032071259,1,1,0,0,0,LENTO,
143,2020-06-08,NOR,Europe,Norway,8504.0,0.0,238.0,0.0,1568.644,0.0,43.901,0.0,,,,,,,,,5421242.0,14.462,39.7,16.820999999999998,10.813,64800.057,0.2,114.316,5.31,19.6,20.7,,3.6,42.690666301553904,-1.3774349643768244,0.03528306351219267,0.5020068944209066,-0.016197494877432085,0.0004148996179702807,0,0,1,0,0,DESACELERACAO,
144,2020-06-08,OMN,Asia,Oman,16882.0,866.0,75.0,3.0,3305.9040000000005,169.584,14.687,0.5870000000000001,,,,,,,,,5106622.0,14.98,30.7,2.355,1.53,37960.709,,266.342,12.61,0.5,15.6,97.4,1.6,365.0822941768712,14.433253089909787,0.574006591398603,2.1625535728993674,0.08549492411983052,0.0034001101255692638,0,1,0,0,0,EXPONENCIAL,
145,2020-06-08,PAK,Asia,Pakistan,103671.0,4728.0,2067.0,65.0,469.328,21.404,9.358,0.294,,,,,,,,,220892331.0,255.573,23.5,4.495,2.78,5034.708,4.0,423.031,8.35,2.8,36.7,59.607,0.6,2077.5387574331326,71.57058149881928,3.65597267737697,2.0039729118395044,0.06903626038025994,0.0035265143360987835,0,1,0,0,0,EXPONENCIAL,
146,2020-06-08,PSE,Asia,Palestine,651.0,8.0,5.0,0.0,127.612,1.568,0.98,0.0,,,,,,,,,5101416.0,778.202,20.4,3.043,1.726,4449.898,1.0,265.91,10.59,,,,,5.677107758894475,-0.092393360514956,0.003090348785254647,0.8720595635782604,-0.01419252849692104,0.00047470795472421613,0,0,1,0,0,DESACELERACAO,
147,2020-06-08,PAN,North America,Panama,16425.0,421.0,393.0,7.0,3806.694,97.572,91.083,1.622,,,,,,,,,4314768.0,55.133,29.7,7.917999999999998,5.03,22267.037,2.2,128.346,8.33,2.4,9.9,,2.3,259.6374824041217,5.929566299075322,0.2688326443329081,1.5807457071788231,0.036100860268342916,0.0016367284282064426,0,1,0,0,0,EXPONENCIAL,
148,2020-06-08,PNG,Oceania,Papua New Guinea,8.0,0.0,0.0,0.0,0.894,0.0,0.0,0.0,,,,,,,,,8947027.0,18.22,22.6,3.808,2.142,3823.194,,561.494,17.65,23.5,48.8,,,0.04401303202587796,-0.002172480153733888,9.470286365011024e-05,0.5501629003234745,-0.0271560019216736,0.0011837857956263778,1,0,1,0,0,LENTO,
149,2020-06-08,PRY,South America,Paraguay,1135.0,45.0,11.0,0.0,159.13,6.309,1.5419999999999998,0.0,,,,,,,,,7132530.0,17.144000000000002,26.5,6.377999999999999,3.833,8827.01,1.7,199.128,8.27,5.0,21.6,79.602,1.3,17.25474377694219,0.14671925342613254,0.010203716869190128,1.5202417424618668,0.01292680646926278,0.0008990058915586016,0,1,0,0,0,EXPONENCIAL,
150,2020-06-08,PER,South America,Peru,196515.0,4757.0,5465.0,164.0,5960.085,144.275,165.747,4.974,,,,,,,,,32971846.0,25.129,29.1,7.151,4.455,12236.706,3.5,85.755,5.95,4.8,,,1.6,3641.5052865079065,63.0793521252143,-2.3097967730962585,1.8530418983323949,0.032099001157781484,-0.0011753793721070954,0,1,0,0,0,EXPONENCIAL,
151,2020-06-08,PHL,Asia,Philippines,21895.0,555.0,1003.0,9.0,199.806,5.065,9.153,0.08199999999999999,,,,,,,,,109581085.0,351.8730000000001,25.2,4.803,2.661,7599.188,,370.437,7.07,7.8,40.8,78.46300000000002,1.0,336.7371272669587,8.079227428825574,0.20505725358646015,1.537963586512714,0.03689987407547647,0.0009365483150786033,0,1,0,0,0,EXPONENCIAL,
152,2020-06-08,POL,Europe,Poland,26561.0,575.0,1157.0,4.0,701.807,15.193,30.571,0.106,,,,,,,,,37846605.0,124.027,41.8,16.762999999999998,10.202,27216.445,,227.331,5.91,23.3,33.1,,6.62,348.5957988155777,2.3840819119933965,0.21760903662984088,1.3124347683279156,0.008975874070981502,0.0008192802854931699,0,0,0,0,1,LINEAR,
153,2020-06-08,PRT,Europe,Portugal,34493.0,142.0,1479.0,5.0,3382.759,13.925999999999998,145.047,0.49,,,,,,,,,10196707.0,112.371,46.2,21.502,14.924,27936.896,0.5,127.842,9.85,16.3,30.0,,3.39,315.45022759602057,-1.8364666878296865,0.16217434769882855,0.9145340434175646,-0.00532417211558776,0.0004701659690337998,0,0,0,1,0,ESTAVEL,
154,2020-06-08,PRI,North America,Puerto Rico,4985.0,70.0,142.0,0.0,1742.495,24.468000000000004,49.636,0.0,,,,,,,,,2860840.0,376.232,38.2,15.168,9.829,35044.67,,108.094,12.9,,,,,89.77769646732935,2.5152730594452044,0.16297253130135114,1.8009567997458245,0.05045683168395596,0.003269258401230716,0,1,0,0,0,EXPONENCIAL,
155,2020-06-08,QAT,Asia,Qatar,68790.0,1595.0,54.0,3.0,23876.629,553.616,18.743,1.041,,,,,,,,,2881060.0,227.322,31.9,1.307,0.617,116935.6,,176.69,16.52,0.8,26.9,,1.2,1259.2096539519812,21.11604595722804,-0.6658510839102029,1.8305126529320848,0.030696388947852944,-0.0009679474980523373,0,1,0,0,0,EXPONENCIAL,
156,2020-06-08,ROU,Europe,Romania,20479.0,189.0,1326.0,8.0,1064.525,9.824,68.92699999999999,0.416,,,,,,,,61.11,19237682.0,85.12899999999998,43.0,17.85,11.69,23313.199,5.7,370.946,9.74,22.9,37.1,,6.892,217.0122224494273,-1.705677320126164,0.045771386498547714,1.0596817347010463,-0.008328909224699272,0.00022350401141924762,0,0,0,0,1,LINEAR,
157,2020-06-08,RUS,Europe,Russia,467673.0,8984.0,5859.0,134.0,3204.678,61.562,40.148,0.918,,,,,,,,,145934460.0,8.823,39.6,14.178,9.393,24765.954,0.1,431.297,6.18,23.4,58.3,,8.05,7466.404749610424,63.928897794799205,-3.3050670681069665,1.5965011342562907,0.013669572071682392,-0.0007067046992464749,0,1,0,0,0,EXPONENCIAL,
158,2020-06-08,RWA,Africa,Rwanda,439.0,8.0,2.0,0.0,33.894,0.618,0.154,0.0,,,,,,,,,12952209.0,494.869,20.3,2.974,1.642,1854.211,56.0,191.375,4.28,4.7,21.0,4.617,,5.9457455949105755,0.10487260761167858,0.00886892393775546,1.3543839623942084,0.023888976676919943,0.0020202560222677586,0,1,0,0,0,EXPONENCIAL,
159,2020-06-08,KNA,North America,Saint Kitts and Nevis,15.0,0.0,0.0,0.0,281.997,0.0,0.0,0.0,,,,,,,,,53192.0,212.865,,,,24654.385,,,12.84,,,,2.3,0.05904061032935686,-0.003071275625160536,0.0001695910896044305,0.39360406886237903,-0.020475170834403568,0.0011306072640295368,1,0,1,0,0,LENTO,
160,2020-06-08,LCA,North America,Saint Lucia,19.0,0.0,0.0,0.0,103.469,0.0,0.0,0.0,,,,,,,,,183629.0,293.187,34.9,9.721,6.405,12951.839,,204.62,11.62,,,87.20200000000001,1.3,0.1088123288519212,-0.0011585528878952226,0.00030258606933948417,0.5726964676416906,-0.006097646778395909,0.0015925582596814961,1,0,0,1,0,LENTO,
161,2020-06-08,VCT,North America,Saint Vincent and the Grenadines,26.0,0.0,0.0,0.0,234.346,0.0,0.0,0.0,,,,,,,,,110947.0,281.7870000000001,31.8,7.724,4.832,10727.146,,252.675,11.62,,,,2.6,0.317855485070604,-0.0015934616313012105,-0.0011470141202416491,1.2225210964254,-0.006128698581927734,-0.004411592770160189,1,0,0,0,1,LENTO,
162,2020-06-08,SMR,Europe,San Marino,695.0,0.0,42.0,0.0,20478.52,0.0,1237.5510000000004,0.0,,,,,,,,,33938.0,556.6669999999998,,,,56861.47,,,5.64,,,,3.8,4.762239738836978,-0.10988175406045103,0.0035634987171299813,0.6852143509117955,-0.015810324325244752,0.000512733628364026,0,0,1,0,0,DESACELERACAO,
163,2020-06-08,STP,Africa,Sao Tome and Principe,514.0,1.0,12.0,0.0,2345.308,4.563,54.754,0.0,,,,,,,,,219161.0,212.841,18.7,2.886,2.162,3052.7140000000004,32.3,270.113,2.42,,,41.34,2.9,10.179724625344043,-0.02831885215441965,-0.03089518958430237,1.9804911722459229,-0.005509504310198375,-0.006010737273210578,0,0,0,0,1,LINEAR,
164,2020-06-08,SAU,Asia,Saudi Arabia,101914.0,3045.0,712.0,36.0,2927.397,87.465,20.452,1.034,,,,,,,,,34813867.0,15.322,31.9,3.295,1.845,49045.41099999999,,259.538,17.72,1.8,25.4,,2.7,1766.5607317078625,25.341023808850927,0.4706634378774106,1.7333837664186103,0.024865105686020496,0.0004618241241413453,0,1,0,0,0,EXPONENCIAL,
165,2020-06-08,SEN,Africa,Senegal,4328.0,79.0,49.0,2.0,258.482,4.718,2.926,0.119,,,,,,,,,16743930.0,82.32799999999997,18.7,3.008,1.796,2470.58,38.0,241.219,2.42,0.4,16.6,20.859,,74.1937848383317,0.9173936006794629,-0.015336098894537362,1.7142741413662592,0.02119670981237206,-0.0003543460927573328,0,1,0,0,0,EXPONENCIAL,
166,2020-06-08,SRB,Europe,Serbia,11823.0,82.0,249.0,1.0,1737.5020000000004,12.050999999999998,36.593,0.147,,,,,,,,,6804596.0,80.291,41.2,17.366,,14048.881,,439.415,10.08,37.7,40.2,97.719,5.609,104.67284198593424,-2.0876334335227384,0.1003602133470343,0.8853323351597245,-0.017657391808531996,0.000848855733291333,0,0,1,0,0,DESACELERACAO,
167,2020-06-08,SYC,Africa,Seychelles,11.0,0.0,0.0,0.0,111.857,0.0,0.0,0.0,,,,,,,,,98340.0,208.354,36.2,8.606,5.586,26382.287,1.1,242.648,10.55,7.1,35.7,,3.6,0.028265875183454477,-0.0013902444384881391,7.104956417256041e-05,0.256962501667768,-0.012638585804437628,0.0006459051288414582,1,0,1,0,0,LENTO,
168,2020-06-08,SLE,Africa,Sierra Leone,969.0,23.0,48.0,0.0,121.474,2.883,6.017,0.0,,,,,,,,,7976985.0,104.7,19.1,2.5380000000000003,1.285,1390.3,52.2,325.721,2.42,8.8,41.3,19.275,,18.442424626592828,0.058115789449092174,-0.026874944314537963,1.903242995520416,0.005997501491134385,-0.002773472065483794,0,0,0,0,1,LINEAR,
169,2020-06-08,SGP,Asia,Singapore,37910.0,383.0,25.0,0.0,6479.962,65.46600000000001,4.273,0.0,,,,,,,,,5850343.0,7915.731,42.4,12.922,7.049,85535.383,,92.243,10.99,5.2,28.3,,2.4,494.45878883988473,-1.5162788241023553,-0.35090515979035924,1.3042964622523996,-0.00399968035901439,-0.0009256269052766006,0,0,0,0,1,LINEAR,
170,2020-06-08,SXM,North America,Sint Maarten (Dutch part),77.0,0.0,15.0,0.0,1795.625,0.0,349.797,0.0,,,,,,,,,42882.0,1209.088,,,,36327.232,,,,,,,,0.4181821065179103,-0.021230232390432792,0.0009988575103289314,0.5430936448284549,-0.027571730377185445,0.0012972175458817294,0,0,1,0,0,DESACELERACAO,
171,2020-06-08,SVK,Europe,Slovakia,1528.0,0.0,28.0,0.0,279.872,0.0,5.129,0.0,,,,,,,,,5459643.0,113.128,41.2,15.07,9.167,30155.152,0.7,287.959,7.29,23.1,37.7,,5.82,9.244873515193776,-0.3634050550117868,0.008697315671278764,0.6050309892142524,-0.023783053338467725,0.0005691960517852594,0,0,1,0,0,DESACELERACAO,
172,2020-06-08,SVN,Europe,Slovenia,1485.0,0.0,108.0,0.0,714.309,0.0,51.95,0.0,,,,,,,,,2078932.0,102.619,44.5,19.062,12.93,31400.84,,153.493,7.25,20.1,25.0,,4.5,6.501665806991568,-0.2460437059785608,0.011987279082949042,0.4378226132654255,-0.01656859972919601,0.0008072241806699693,0,0,1,0,0,DESACELERACAO,
173,2020-06-08,SOM,Africa,Somalia,2334.0,45.0,83.0,1.0,146.855,2.8310000000000004,5.222,0.063,,,,,,,,,15893219.0,23.5,16.8,2.7310000000000003,1.496,,,365.769,6.05,,,9.831,0.9,39.850589738323656,0.437641729025701,0.0005506848299044158,1.7073945903309196,0.018750716753457623,2.359403727096897e-05,0,1,0,0,0,EXPONENCIAL,
174,2020-06-08,ZAF,Africa,South Africa,48285.0,2312.0,998.0,46.0,814.13,38.982,16.827,0.7759999999999999,,,,,,,,,59308690.0,46.754,27.3,5.3439999999999985,3.053,12294.876,18.9,200.38,5.52,8.1,33.2,43.993,2.32,1046.9169255539148,40.45550743703629,1.7931918574002577,2.1682032216090192,0.0837848347044347,0.003713765884643798,0,1,0,0,0,EXPONENCIAL,
175,2020-06-08,KOR,Asia,South Korea,11814.0,38.0,273.0,0.0,230.431,0.741,5.325,0.0,,,,,,,,,51269183.0,527.967,43.4,13.914,8.622,35938.374,0.2,85.99799999999998,6.8,6.2,40.9,,12.27,42.842260027679245,-0.11634551962229706,0.04720352634500199,0.3626397496840972,-0.0009848105605408583,0.0003995558349839343,0,0,0,1,0,ESTAVEL,
176,2020-06-08,SSD,Africa,South Sudan,1317.0,0.0,14.0,0.0,117.655,0.0,1.251,0.0,,,,,,,,,11193729.0,,19.2,3.4410000000000003,2.032,1569.888,,280.775,10.43,,,,,32.18580523194173,0.7497248021592671,-0.059176883843406976,2.4438728346197207,0.056926712388706675,-0.004493309327517614,0,1,0,0,0,EXPONENCIAL,
177,2020-06-07,ESP,Europe,Spain,241550.0,240.0,27136.0,1.0,5166.316,5.132999999999999,580.39,0.021,,,,,,,,,46754783.0,93.105,45.5,19.436,13.799,34272.36,1.0,99.403,7.17,27.4,31.4,,2.97,1317.3102556791443,-39.46421550944723,0.6067514731888027,0.5453571747791945,-0.016337907476484052,0.00025119083965589016,0,0,1,0,0,DESACELERACAO,
178,2020-06-08,LKA,Asia,Sri Lanka,1835.0,21.0,11.0,0.0,85.695,0.981,0.514,0.0,,,,,,,,,21413250.0,341.955,34.1,10.069,5.331,11669.077,0.7,197.093,10.68,0.3,27.0,,3.6,28.644982759622888,0.28462834558401623,-0.05358409789679855,1.5610344828132363,0.015511081503216144,-0.002920114326801011,0,1,0,0,0,EXPONENCIAL,
179,2020-06-08,SDN,Africa,Sudan,6083.0,218.0,359.0,12.0,138.725,4.972,8.187000000000001,0.274,,,,,,,,,43849269.0,23.258000000000006,19.7,3.548,2.0340000000000003,4466.507000000001,,431.388,15.67,,,23.437,0.8,123.695077098913,2.285238093679699,-0.06639798536986505,2.0334551553331086,0.03756761620384184,-0.0010915335421644756,0,1,0,0,0,EXPONENCIAL,
180,2020-06-08,SUR,South America,Suriname,122.0,22.0,1.0,0.0,207.966,37.502,1.705,0.0,,,,,,,,,586634.0,3.612,29.6,6.933,4.229,13767.119,,258.314,12.54,7.4,42.9,67.779,3.1,3.4818049433990343,0.2734706852339585,0.022852653563130317,2.8539384781959303,0.22415629937209716,0.018731683248467475,0,1,0,0,0,EXPONENCIAL,
181,2020-06-08,SWZ,Africa,Swaziland,333.0,11.0,3.0,0.0,287.028,9.481,2.5860000000000003,0.0,,,,,,,,,1160164.0,79.492,21.5,3.1630000000000003,1.845,7738.975,,333.436,3.94,1.7,16.5,24.097,2.1,5.5088222345073765,0.06566598145172263,0.006209537403153371,1.6543009713235366,0.01971951394946625,0.001864725946892904,0,1,0,0,0,EXPONENCIAL,
182,2020-06-08,SWE,Europe,Sweden,44730.0,843.0,4659.0,3.0,4429.0329999999985,83.471,461.32,0.297,,,,,,,,,10099270.0,24.718000000000004,41.0,19.985,13.433,46949.283,0.5,133.982,4.79,18.8,18.9,,2.22,606.4941126127317,10.58890705691637,0.6797185733327054,1.3559000952665583,0.02367294222427089,0.0015196033385484135,0,1,0,0,0,EXPONENCIAL,
183,2020-06-08,CHE,Europe,Switzerland,30882.0,9.0,1660.0,0.0,3568.268,1.04,191.805,0.0,,,,,,,,,8654618.0,214.243,43.1,18.436,12.644,57410.166,,99.739,5.59,22.6,28.9,,4.53,135.9975728273215,-5.387973783963162,0.18981368905007373,0.4403781258575271,-0.01744697164679477,0.0006146418271163581,0,0,1,0,0,DESACELERACAO,
184,2020-06-08,SYR,Asia,Syria,141.0,17.0,6.0,0.0,8.057,0.971,0.343,0.0,,,,,,,,,17500657.0,,21.7,,2.577,,,376.264,,,,70.598,1.5,2.5576971749583644,0.05782956864046995,0.003021274164239064,1.8139696276300457,0.041013878468418405,0.002142747634212102,0,1,0,0,0,EXPONENCIAL,
185,2020-06-08,TWN,Asia,Taiwan,443.0,0.0,7.0,0.0,18.6,0.0,0.294,0.0,,,,,,,,,23816775.0,,42.2,,8.353,,,103.957,,,,,,1.517118435217606,-0.06156250550080405,0.001937270800115533,0.34246465806266496,-0.013896728104018971,0.0004373071783556509,0,0,1,0,0,DESACELERACAO,
186,2020-06-08,TJK,Asia,Tajikistan,4529.0,76.0,48.0,0.0,474.855,7.968,5.033,0.0,,,,,,,,,9537642.0,64.281,23.3,3.466,2.155,2896.913,4.8,427.698,7.11,,,72.704,4.8,122.91432350844877,0.08943726924225588,-0.3076937335066953,2.7139395784598976,0.001974768585609536,-0.006793855895488966,0,0,0,0,1,LINEAR,
187,2020-06-08,TZA,Africa,Tanzania,509.0,0.0,21.0,0.0,8.521,0.0,0.35200000000000004,0.0,,,,,,,,,59734213.0,64.699,17.7,3.108,1.874,2683.304,49.1,217.288,5.75,3.3,26.7,47.953,0.7,4.0517362876040135,-0.18721011264743595,0.004805579911274368,0.7960189170145411,-0.036779982838396064,0.0009441217900342572,0,0,1,0,0,DESACELERACAO,
188,2020-06-08,THA,Asia,Thailand,3119.0,7.0,58.0,0.0,44.685,0.1,0.831,0.0,,,,,,,,,69799978.0,135.132,40.1,11.373,6.89,16277.671,0.1,109.861,7.04,1.9,38.8,90.67,2.1,14.16914741042193,-0.394045094115532,0.02012842027532383,0.4542849442264165,-0.012633699715150113,0.0006453485179648549,0,0,1,0,0,DESACELERACAO,
189,2020-06-08,TLS,Asia,Timor,24.0,0.0,0.0,0.0,18.203,0.0,0.0,0.0,,,,,,,,,1318442.0,87.176,18.0,3.556,1.897,6570.102,30.3,335.346,6.86,6.3,78.1,28.178,5.9,0.14884474487039362,-0.00737572654382157,0.00032069221512607936,0.6201864369599734,-0.03073219393258988,0.0013362175630253306,1,0,1,0,0,LENTO,
190,2020-06-08,TGO,Africa,Togo,495.0,8.0,13.0,0.0,59.792,0.966,1.57,0.0,,,,,,,,,8278737.0,143.366,19.4,2.839,1.525,1429.813,49.2,280.033,6.15,0.9,14.2,10.475,0.7,8.092915724039328,0.039079560776867486,-0.007186191183428905,1.6349324695028944,0.007894860763003534,-0.0014517557946321018,0,0,0,0,1,LINEAR,
191,2020-06-08,TTO,North America,Trinidad and Tobago,117.0,0.0,8.0,0.0,83.602,0.0,5.716,0.0,,,,,,,,,1399491.0,266.886,36.2,10.014,5.819,28763.071,,228.467,10.97,,,89.443,3.0,0.40872136959765776,-0.01779809020362129,0.0007937190240296769,0.349334503929622,-0.015212042909078025,0.0006783923282304932,0,0,1,0,0,DESACELERACAO,
192,2020-06-08,TUN,Africa,Tunisia,1087.0,0.0,49.0,0.0,91.974,0.0,4.146,0.0,,,,,,,,,11818618.0,74.22800000000002,32.7,8.001,5.075,10849.297,2.0,318.991,8.52,1.1,65.8,78.687,2.3,6.365597798447737,-0.21454165151969856,0.003124323322666265,0.5856115729942722,-0.019737042458113942,0.000287426248635351,0,0,1,0,0,DESACELERACAO,
193,2020-06-08,TUR,Asia,Turkey,170132.0,914.0,4692.0,23.0,2017.238,10.837,55.633,0.273,,,,,,,,,84339067.0,104.914,31.6,8.152999999999999,5.061,25129.341,0.2,171.285,12.13,14.1,41.1,,2.81,1611.3882322029935,-30.042652598569173,0.3922262531779783,0.9471400043513234,-0.01765843733017255,0.00023054231607103794,0,0,1,0,0,DESACELERACAO,
194,2020-06-08,TCA,North America,Turks and Caicos Islands,12.0,0.0,1.0,0.0,309.933,0.0,25.828000000000007,0.0,,,,,,,,,38718.0,37.312,,,,,,,,,,,,0.053708781993916266,-0.002744338212612406,0.00013855577645797512,0.4475731832826355,-0.022869485105103383,0.001154631470483126,1,0,1,0,0,LENTO,
195,2020-06-08,UGA,Africa,Uganda,616.0,23.0,0.0,0.0,13.467,0.503,0.0,0.0,,,,,,,,,45741000.0,213.759,16.4,2.168,1.308,1697.707,41.6,213.333,2.5,3.4,16.7,21.222,0.5,13.863944823718322,0.5385756223970007,0.010385103712094038,2.2506403934607664,0.08743110753198062,0.0016858934597555257,0,1,0,0,0,EXPONENCIAL,
196,2020-06-08,UKR,Europe,Ukraine,26999.0,485.0,788.0,11.0,617.349,11.09,18.018,0.252,,,,,,,,,43733759.0,77.39,41.4,16.462,11.133,7894.393,0.1,539.849,7.11,13.5,47.4,,8.8,397.3613126335953,1.6117006492362873,-0.14219259974169451,1.4717630750531328,0.005969482755792019,-0.0005266587641827271,0,0,0,0,1,LINEAR,
197,2020-06-08,ARE,Asia,United Arab Emirates,38808.0,540.0,276.0,1.0,3923.805,54.598,27.906,0.101,,,,,,,,,9890400.0,112.442,34.0,1.144,0.526,67293.483,,317.84,17.26,1.2,37.4,,1.2,582.3926433556122,3.395716036914392,-0.5194475955455866,1.5007025442063808,0.00875004132373323,-0.0013385064820284132,0,0,0,0,1,LINEAR,
198,2020-06-08,GBR,Europe,United Kingdom,286194.0,1326.0,40542.0,77.0,4215.803,19.533,597.207,1.134,,,,,,,,,67886004.0,272.898,40.8,18.517,12.527,39753.244,0.2,122.137,4.28,20.0,24.7,,2.54,2864.408374670902,-41.25805264414864,-1.419449659108959,1.0008624830258157,-0.014416113770431468,-0.0004959746392688033,0,0,1,0,0,DESACELERACAO,
199,2020-06-08,USA,North America,United States,1942363.0,22302.0,110514.0,712.0,5868.1190000000015,67.377,333.876,2.151,,,,,,,,,331002647.0,35.60800000000001,38.3,15.413,9.732,54225.446,1.2,151.089,10.79,19.1,24.6,,2.77,22021.514881748633,-2.7564845519173398,-0.03332302253592357,1.1337486804345345,-0.00014191397549877854,-1.715591912321413e-06,0,0,0,0,1,LINEAR,
200,2020-06-08,VIR,North America,United States Virgin Islands,71.0,0.0,6.0,0.0,679.927,0.0,57.459,0.0,,,,,,,,,104423.0,306.48,42.2,18.601,10.799,,,273.67,12.26,,,,,0.3774977783208199,-0.011519448363721848,0.0006533756549250277,0.5316870117194646,-0.016224575160171617,0.0009202474013028563,0,0,1,0,0,DESACELERACAO,
201,2020-06-08,URY,South America,Uruguay,845.0,0.0,23.0,0.0,243.255,0.0,6.621,0.0,,,,,,,,,3473727.0,19.751,35.6,14.655,10.361,20551.409,0.1,160.708,6.93,14.0,19.9,,2.8,6.808002522970921,-0.11259105472431913,-0.0010659494306001064,0.8056807719492215,-0.013324385174475636,-0.00012614786160948006,0,0,1,0,0,DESACELERACAO,
202,2020-06-08,UZB,Asia,Uzbekistan,4352.0,171.0,17.0,0.0,130.03,5.109,0.508,0.0,,,,,,,,,33469199.0,76.134,28.2,4.4689999999999985,2.873,6253.104,,724.4169999999998,7.57,1.3,24.7,,4.0,64.25035847107057,1.2832969987379619,0.12938130074271353,1.4763409575154087,0.029487522948942142,0.002972915917801322,0,1,0,0,0,EXPONENCIAL,
203,2020-06-08,VAT,Europe,Vatican,12.0,0.0,0.0,0.0,14833.127,0.0,0.0,0.0,,,,,,,,,809.0,,,,,,,,,,,,,0.06327535109219733,-0.0029146062228310905,8.143172774582419e-05,0.5272945924349778,-0.024288385190259085,0.0006785977312152016,1,0,1,0,0,LENTO,
204,2020-06-08,VEN,South America,Venezuela,2377.0,61.0,22.0,0.0,83.59100000000002,2.145,0.774,0.0,,,,,,,,,28435943.0,36.253,29.0,6.614,3.915,16745.022,,204.85,6.47,,,,0.8,52.562611675433,2.0017057392720643,0.04277342256060232,2.2113004491137147,0.08421143202659084,0.0017994708691881497,0,1,0,0,0,EXPONENCIAL,
205,2020-06-08,VNM,Asia,Vietnam,331.0,2.0,0.0,0.0,3.401,0.021,0.0,0.0,,,,,,,,,97338583.0,308.127,32.6,7.15,4.718,6171.884,2.0,245.465,6.0,1.0,45.9,85.84700000000002,2.6,1.7177274909530849,-0.044800841142899284,0.0005395744880556057,0.518950903611204,-0.013534997324138756,0.00016301344050018295,0,0,1,0,0,DESACELERACAO,
206,2020-06-08,ESH,Africa,Western Sahara,23.0,0.0,1.0,0.0,38.505,0.0,1.6740000000000002,0.0,,,,,,,,,597330.0,,28.4,,1.38,,,,,,,,,0.5345485646565796,0.010364751712673806,-0.003468217634126696,2.3241241941590416,0.045064137881190465,-0.015079207104898676,1,1,0,0,0,LENTO,
207,2020-06-08,YEM,Asia,Yemen,486.0,13.0,112.0,0.0,16.295,0.436,3.755,0.0,,,,,,,,58.33,29825968.0,53.508,20.3,2.922,1.5830000000000002,1479.1470000000004,18.8,495.003,5.35,7.6,29.2,49.542,0.7,12.162097956191051,0.3330537019962289,-0.008211743267560457,2.502489291397335,0.06852956831198125,-0.0016896591085515346,0,1,0,0,0,EXPONENCIAL,
208,2020-06-08,ZMB,Africa,Zambia,1154.0,0.0,7.0,0.0,62.772,0.0,0.381,0.0,,,,,,,,,18383956.0,22.995,17.7,2.48,1.5419999999999998,3689.251,57.5,234.499,3.94,3.1,24.7,13.938,2.0,19.956541351477878,-0.12208099498776227,-0.03960355959567922,1.729336338949556,-0.010578942373289626,-0.0034318509181697765,0,0,1,0,0,DESACELERACAO,
209,2020-06-08,ZWE,Africa,Zimbabwe,282.0,3.0,4.0,0.0,18.973,0.202,0.269,0.0,,,,,,,,,14862927.0,42.729,19.6,2.822,1.882,1899.775,21.4,307.846,1.82,1.6,30.7,36.791,1.7,6.878401672219835,0.2915412917194528,-7.76005638718974e-05,2.4391495291559693,0.10338343677994777,-2.7517930451027448e-05,0,1,0,0,0,EXPONENCIAL,
210,2020-06-08,OWID_WRL,,World,6960259.0,124305.0,401970.0,3333.0,892.936,15.947,51.569,0.428,,,,,,,,,7794798729.0,58.045,30.9,8.696,5.355,15469.207,10.0,233.07,8.51,6.434,34.635,60.13,2.705,90308.36618707693,1019.4588690606832,15.194830000358856,1.2974857140672054,0.0146468524958724,0.00021830839916099176,0,1,0,0,0,EXPONENCIAL,
211,2020-03-10,,,International,696.0,-9.0,7.0,1.0,,,,,,,,,,,,,,,,,,,,,,,,,,22.228622582489336,-0.7755624099344441,-0.1849644498413242,3.193767612426629,-0.11143138073770747,-0.02657535198869601,0,0,1,0,0,DESACELERACAO,
